,여행지,주소,상세페이지,이미지주소,위도 경도
0,동두천자연휴양림,동두천시,https://korean.visitkorea.or.kr/detail/ms_detail.do?cotid=0138a8ef-f507-4162-accd-64a33f65f187,https://cdn.visitkorea.or.kr/img/call?cmd=VIEW&id=aa84626f-fc37-4413-ba88-3846cf270a93,"37.8899416896, 127.1371750523"
1,한탄강주상절리길,포천시,https://korean.visitkorea.or.kr/detail/ms_detail.do?cotid=fbbb24e9-5d4b-497e-88cf-9fd5efb4f20a,https://cdn.visitkorea.or.kr/img/call?cmd=VIEW&id=8ecf8011-3234-4329-bfec-5f254fdada0f,"38.0798348747, 127.2169316606"
2,여강길,여주시,https://korean.visitkorea.or.kr/detail/ms_detail.do?cotid=ee0c4df9-52cf-4bce-9ba5-e305a1cedf71,https://cdn.visitkorea.or.kr/img/call?cmd=VIEW&id=639b9529-1c97-48e1-b1d4-63c37612e547,"37.2803744564, 127.6425772523"
3,잣향기푸른숲,가평군,https://korean.visitkorea.or.kr/detail/ms_detail.do?cotid=054833a5-5989-4b6e-81ef-e983d3ad93cd,https://cdn.visitkorea.or.kr/img/call?cmd=VIEW&id=327aae1e-fd82-4519-b61c-e103c0e356a1,"37.7707592092, 127.336560307"
4,바람새마을 소풍정원,평택시,https://korean.visitkorea.or.kr/detail/ms_detail.do?cotid=12e2d0aa-f9e1-4f62-966e-bbcf359bc810,https://cdn.visitkorea.or.kr/img/call?cmd=VIEW&id=d7d0c07e-473f-4b38-8c5c-21c2078a8128,"36.9924036898, 127.1127110263"
5,평화누리공원,파주시,https://korean.visitkorea.or.kr/detail/ms_detail.do?cotid=197e6e5e-b111-4561-9edc-2579205d9151,https://cdn.visitkorea.or.kr/img/call?cmd=VIEW&id=913e6488-2996-4fcb-b171-7d55af2acbda,"37.8895929015, 126.7402002968"
6,행주산성역사공원,고양시,https://korean.visitkorea.or.kr/detail/ms_detail.do?cotid=6b57ccdd-4fb8-43ec-b89b-b607a41546e2,https://cdn.visitkorea.or.kr/img/call?cmd=VIEW&id=a3f2147c-ea65-4e94-85ab-5abd04a2bc57,"37.5982699389, 126.8197596027"
7,갯골생태공원,시흥시,https://korean.visitkorea.or.kr/detail/ms_detail.do?cotid=9aa7f780-1032-43b1-aa9d-12c26b5df4a2,https://cdn.visitkorea.or.kr/img/call?cmd=VIEW&id=402e9b7b-4cd0-44a0-b453-6da3aa5a57a4,"37.3897740365, 126.7812383963"
8,김포 평화누리길 1코스,김포시,https://korean.visitkorea.or.kr/detail/ms_detail.do?cotid=a231057b-2633-4550-997b-1d39bf526bd3,https://cdn.visitkorea.or.kr/img/call?cmd=VIEW&id=ed3783ca-f296-435c-9598-87d1aafc9790,"37.6414599468, 126.5397617595"
9,곤지암 리조트 힐링캠퍼스,광주시,https://korean.visitkorea.or.kr/detail/ms_detail.do?cotid=6a61f74a-9c2c-4784-bc05-a9dc5f933e31,https://cdn.visitkorea.or.kr/img/call?cmd=VIEW&id=b238fb75-c45e-442b-823d-36ef15df72fd,"37.3374836915, 127.2922239974"
10,호미반도해안둘레길,포항시,https://korean.visitkorea.or.kr/detail/ms_detail.do?cotid=abbe0a2e-9e07-498a-bf59-25d71b9c121a,https://cdn.visitkorea.or.kr/img/call?cmd=VIEW&id=0d49671e-9ba1-44ae-9145-e04549f81fbf,"36.0156118472, 129.4819861865"
11,금오산 올레길,구미시,https://korean.visitkorea.or.kr/detail/ms_detail.do?cotid=23b10bc3-da93-4fce-9335-26ba0e2e61c0,https://cdn.visitkorea.or.kr/img/call?cmd=VIEW&id=94b19b67-7802-4d84-847b-e8c3323cb4ac,"36.1172340002, 128.3148805707"
12,경천대전망대,상주시,https://korean.visitkorea.or.kr/detail/ms_detail.do?cotid=5625b954-6822-4098-b69a-4cb7247bb0f3,https://cdn.visitkorea.or.kr/img/call?cmd=VIEW&id=02907344-d1cc-4f12-948f-778152cbafd4,"36.4582827307, 128.2440300692"
13,진남교반,문경시,https://korean.visitkorea.or.kr/detail/ms_detail.do?cotid=3d7548a8-b98f-4b50-aea8-5c2328219d67,https://cdn.visitkorea.or.kr/img/call?cmd=VIEW&id=34515764-2275-451d-b90c-15a2d2877a8d,"36.6633487283, 128.123621105"
14,벌영리메타세콰이어길,영덕군,https://korean.visitkorea.or.kr/detail/ms_detail.do?cotid=9d1a5779-c0be-4476-843c-151b805653ea,https://cdn.visitkorea.or.kr/img/call?cmd=VIEW&id=bce3c51d-77ec-4143-96a6-c484d12a195e,"36.5303349319, 129.3841769119"
15,낙강물길공원,안동시,https://korean.visitkorea.or.kr/detail/ms_detail.do?cotid=8ff4bcb5-e404-4329-a6bd-75077bcc8cec,https://cdn.visitkorea.or.kr/img/call?cmd=VIEW&id=ca836f5b-ffec-4bfe-903f-a2b7854cb213,"36.5879083232, 128.7709711823"
16,성밖숲,성주군,https://korean.visitkorea.or.kr/detail/ms_detail.do?cotid=a2c8627c-a567-4779-be8d-d5b76e893e46,https://cdn.visitkorea.or.kr/img/call?cmd=VIEW&id=4ba24fe1-6638-4c3e-acc6-5c58879ed2c6,"35.9155673744, 128.2801336761"
17,국립백두대간수목원,봉화군,https://korean.visitkorea.or.kr/detail/ms_detail.do?cotid=30f0a401-5c26-46c5-9fb7-7d3de7da4056,https://cdn.visitkorea.or.kr/img/call?cmd=VIEW&id=3fa8e8fa-0d2c-4e5c-a8d1-e6970df70f46,"37.0081335894, 128.8299535859"
18,등기산스카이워크,울진군,https://korean.visitkorea.or.kr/detail/ms_detail.do?cotid=12f740a3-2117-4f4e-a13f-cad34501279b,https://cdn.visitkorea.or.kr/img/call?cmd=VIEW&id=729084ea-2511-4500-8a94-ba26a00d635e,"36.680338858, 129.4647486543"
19,행남해안산책로,울릉군,https://korean.visitkorea.or.kr/detail/ms_detail.do?cotid=fd224731-0e0c-40c3-937b-96112885dfa3,https://cdn.visitkorea.or.kr/img/call?cmd=VIEW&id=6ba1858a-0486-4210-8362-8215ca74363f,"37.4867872321, 130.9190642643"
20,대청호 오백리길,대전 대덕구,https://korean.visitkorea.or.kr/detail/ms_detail.do?cotid=8333f1a9-244c-452c-94c2-fbe51b8e7ca2,https://cdn.visitkorea.or.kr/img/call?cmd=VIEW&id=b8b4cea1-f6f5-4c74-8363-5689bbb854e8,"36.4751530236, 127.4790506573"
21,계족산 황톳길,대전 대덕구,https://korean.visitkorea.or.kr/detail/ms_detail.do?cotid=13941295-50d3-4e80-ae10-31a1975c307e,https://cdn.visitkorea.or.kr/img/call?cmd=VIEW&id=5a2495fc-e746-429c-aaa6-9082681948cf,"36.4032551669, 127.4492219591"
22,국립 대전현충원,대전 유성구,https://korean.visitkorea.or.kr/detail/ms_detail.do?cotid=9d73ffc7-751b-4108-82eb-2ce8517d39c9,https://cdn.visitkorea.or.kr/img/call?cmd=VIEW&id=b5edc059-f5d3-46b5-991f-d940ec2db31c,"36.3622460736, 127.2985587765"
23,수통골,대전 유성구,https://korean.visitkorea.or.kr/detail/ms_detail.do?cotid=81ab5e52-835e-4fec-bafd-35ea1ab8ee9a,https://cdn.visitkorea.or.kr/img/call?cmd=VIEW&id=149bd80b-c52a-44bc-a680-303155fe91a6,"36.3453478312, 127.2885962357"
24,장태산 자연휴양림,대전 서구,https://korean.visitkorea.or.kr/detail/ms_detail.do?cotid=ee78a56f-8fb0-421e-b714-b20472df9e00,https://cdn.visitkorea.or.kr/img/call?cmd=VIEW&id=86e40752-5b91-47f5-bbad-0a887ca0a283,"36.2159580005, 127.3412755693"
25,한밭수목원,대전 서구,https://korean.visitkorea.or.kr/detail/ms_detail.do?cotid=de494a01-4629-4a22-83c4-6f5eab6b2720,https://cdn.visitkorea.or.kr/img/call?cmd=VIEW&id=22e487f2-3264-466d-937c-30db19b6a61f,"36.3664688257, 127.3880168484"
26,만인산 자연휴양림,대전 동구,https://korean.visitkorea.or.kr/detail/ms_detail.do?cotid=c8e9f410-3fa4-461a-b205-a41252426b87,https://cdn.visitkorea.or.kr/img/call?cmd=VIEW&id=f6f6b5aa-481c-4116-a986-bd358cb9e357,"36.2022976798, 127.4547630291"
27,뿌리공원,대전 중구,https://korean.visitkorea.or.kr/detail/ms_detail.do?cotid=3732f9d0-1c50-45ef-81d6-0b25a83e86da,https://cdn.visitkorea.or.kr/img/call?cmd=VIEW&id=b85654a8-5834-45a9-8bb1-3db5d2e7f8bd,"36.2840649077, 127.3865419109"
28,상소동 산림욕장,대전 동구,https://korean.visitkorea.or.kr/detail/ms_detail.do?cotid=2117bd9b-c0a4-411e-802d-a71e8e8b122e,https://cdn.visitkorea.or.kr/img/call?cmd=VIEW&id=2993d1f2-d39e-453f-af96-0bea1d18bd86,"36.2313640959, 127.4710996743"
29,식장산 문화공원,대전 동구,https://korean.visitkorea.or.kr/detail/ms_detail.do?cotid=eb067a02-fb66-4ce3-86cb-8ddf2a8f3925,https://cdn.visitkorea.or.kr/img/call?cmd=VIEW&id=48576f2f-b67a-42c6-86de-3e18361c9438,"36.3023644859, 127.480591346"
30,장산,부산 해운대구,https://korean.visitkorea.or.kr/detail/ms_detail.do?cotid=a353db2d-4e96-49d3-a091-7f8c359ca22c,https://cdn.visitkorea.or.kr/img/call?cmd=VIEW&id=d7a37549-0e46-40cb-b70d-86e150ab10fd,"35.1811053657, 129.168189943"
31,황령산,부산 수영구,https://korean.visitkorea.or.kr/detail/ms_detail.do?cotid=52c22f66-eb3d-4a16-8455-692697868b3b,https://cdn.visitkorea.or.kr/img/call?cmd=VIEW&id=18e61c77-d7a2-475a-b1b4-34052f148a72,"35.1579341561, 129.0827285679"
32,다대포해수욕장,부산 사하구,https://korean.visitkorea.or.kr/detail/ms_detail.do?cotid=9ac39dd9-4dfe-4dc0-866e-b3a98fd581c7,https://cdn.visitkorea.or.kr/img/call?cmd=VIEW&id=01866eb9-4b72-4a60-a892-d85b8c09a743,"35.0464195263, 128.9680332493"
33,아미르공원,부산 영도구,https://korean.visitkorea.or.kr/detail/ms_detail.do?cotid=098578f0-0c46-4d62-abf9-14d8b8d5149c,https://cdn.visitkorea.or.kr/img/call?cmd=VIEW&id=74b41fe9-4c78-4af8-8040-677c197d42da,"35.076293196, 129.0774423702"
34,평화공원,부산 남구,https://korean.visitkorea.or.kr/detail/ms_detail.do?cotid=e0ed82d6-c90c-4618-8c4b-05c5afa33dfb,https://cdn.visitkorea.or.kr/img/call?cmd=VIEW&id=5ea7b7d4-5bdf-4e51-bd9b-d656a6f2741f,"35.1253214518, 129.0995779953"
35,회동수원지,밀양시,https://korean.visitkorea.or.kr/detail/ms_detail.do?cotid=811921ac-72c0-4bd6-a239-3c3840b69fe7,https://cdn.visitkorea.or.kr/img/call?cmd=VIEW&id=d679751a-ac20-4ee4-8d19-152b83320ea8,"35.5464759,128.7072436"
36,치유의 숲,부산 금정구,https://korean.visitkorea.or.kr/detail/ms_detail.do?cotid=7eb8f2eb-64f9-4428-9416-2ad85623bff9,https://cdn.visitkorea.or.kr/img/call?cmd=VIEW&id=31206a8f-bf0e-4281-a8d0-531222e753e4,"35.2252550204, 129.116648768"
37,구덕야영장,부산 기장군,https://korean.visitkorea.or.kr/detail/ms_detail.do?cotid=c8694b54-aea9-4774-b738-f34024d611b4,https://cdn.visitkorea.or.kr/img/call?cmd=VIEW&id=d47f8e4c-71e0-42cf-8a8a-7cefdf330291,"35.2690086937, 129.1298103057"
38,대저생태공원,부산 서구,https://korean.visitkorea.or.kr/detail/ms_detail.do?cotid=7d4c881c-a326-46fe-9a86-307c1510dab0,https://cdn.visitkorea.or.kr/img/call?cmd=VIEW&id=fa0a0f99-c44e-43aa-b730-899fc8e74485,"35.1255892096, 129.0097191372"
39,아차산,부산 강서구,https://korean.visitkorea.or.kr/detail/ms_detail.do?cotid=08631717-270b-4f47-81dc-118de3e709b5,https://cdn.visitkorea.or.kr/img/call?cmd=VIEW&id=d0345a2f-cc91-41cd-af2e-1b007c94aebe,"35.2098737478, 128.984566247"
40,배봉산,서울 광진구,https://korean.visitkorea.or.kr/detail/ms_detail.do?cotid=735bfed5-2e1c-4c23-aafa-1ba026292c37,https://cdn.visitkorea.or.kr/img/call?cmd=VIEW&id=c8d4fd3d-b30d-4996-9bc8-b5833f7c370d,"37.5529441189, 127.0998297997"
41,북정마을,서울 동대문구,https://korean.visitkorea.or.kr/detail/ms_detail.do?cotid=85abf749-25b0-4278-bda5-7ecdc36873c4,https://cdn.visitkorea.or.kr/img/call?cmd=VIEW&id=cd0eeda1-2484-4542-a244-e9801ce1e855,"37.5807819121, 127.0643739039"
42,안산(무악산),서울 성북구,https://korean.visitkorea.or.kr/detail/ms_detail.do?cotid=247967e0-3742-45bc-af25-e02cecf6784b,https://cdn.visitkorea.or.kr/img/call?cmd=VIEW&id=b0f5eaba-3503-4a1b-93d1-0c59bd9e628b,"37.5929152943, 126.9910580174"
43,돈의문박물관마을,서울 서대문구,https://korean.visitkorea.or.kr/detail/ms_detail.do?cotid=173f639d-238f-428e-807d-56b7a722f418,https://cdn.visitkorea.or.kr/img/call?cmd=VIEW&id=88d3d8eb-9a8c-4af7-9f7c-39c126079c5e,"37.5772357314, 126.9447737923"
44,국립4.19민주묘지,서울 종로구,https://korean.visitkorea.or.kr/detail/ms_detail.do?cotid=94eece9c-a5c2-4f91-836b-38f34cc6dd84,https://cdn.visitkorea.or.kr/img/call?cmd=VIEW&id=3f28b0d4-c70e-45c5-ab95-9fff857d3ccd,"37.5688843508, 126.9685551943"
45,평화문화진지,서울 강북구,https://korean.visitkorea.or.kr/detail/ms_detail.do?cotid=61ecf913-4f07-4c1a-a8b8-372404a049d0,https://cdn.visitkorea.or.kr/img/call?cmd=VIEW&id=3bf6c5ee-4498-45ff-8352-04dbac54b5de,"37.6484480504, 127.0091159038"
46,서울함 공원,서울 도봉구,https://korean.visitkorea.or.kr/detail/ms_detail.do?cotid=c38c7a51-5b13-480a-856f-1ba0f0947287,https://cdn.visitkorea.or.kr/img/call?cmd=VIEW&id=3f21efec-52e1-4fe2-8c34-369c5115d9d4,"37.6908326881, 127.046827922"
47,양천향교,서울 마포구,https://korean.visitkorea.or.kr/detail/ms_detail.do?cotid=ff9079dc-2ac1-4ab4-a918-391bc16054a0,https://cdn.visitkorea.or.kr/img/call?cmd=VIEW&id=07a73e5b-1709-45a8-899f-eb7464c45403,"37.5558484197, 126.8939818053"
48,몽촌토성,서울 강서구,https://korean.visitkorea.or.kr/detail/ms_detail.do?cotid=93eb3111-2ad1-48e4-a957-eec31a6550fb,https://cdn.visitkorea.or.kr/img/call?cmd=VIEW&id=50c55da4-3180-4e5b-ac97-4acc0e2bdd72,"37.5729593554, 126.8400029129"
49,교동도,서울 송파구,https://korean.visitkorea.or.kr/detail/ms_detail.do?cotid=68588e50-6630-49ae-85e1-835c2d594ed1,https://cdn.visitkorea.or.kr/img/call?cmd=VIEW&id=3afda414-137c-4d14-b86b-fbfa8cd938cc,"37.5209871362, 127.1229758237"
50,석모도,인천 강화군,https://korean.visitkorea.or.kr/detail/ms_detail.do?cotid=f8a28283-450a-4780-87ee-11cfa82ca56b,https://cdn.visitkorea.or.kr/img/call?cmd=VIEW&id=fd0043ef-35a2-40b4-b8e6-985e98d77ddf,"37.7803447584, 126.2809677323"
51,동검도,인천 강화군,https://korean.visitkorea.or.kr/detail/ms_detail.do?cotid=47f1e913-b022-417f-ba9e-34bcc8dbb54c,https://cdn.visitkorea.or.kr/img/call?cmd=VIEW&id=99b792a2-fa80-4c36-a3cd-6139618dad92,"37.6933453082, 126.3670844661"
52,신도·시도·모도,인천 강화군,https://korean.visitkorea.or.kr/detail/ms_detail.do?cotid=42e1ba17-6dc5-469f-99d7-e432931f2bea,https://cdn.visitkorea.or.kr/img/call?cmd=VIEW&id=591195bc-c4ca-49cc-b654-7302213f55de,"37.5913626272, 126.5184012196"
53,굴업도,인천 옹진군,https://korean.visitkorea.or.kr/detail/ms_detail.do?cotid=275474f6-667c-4fab-b320-178354891e5c,https://cdn.visitkorea.or.kr/img/call?cmd=VIEW&id=c2da08e0-eb79-4cfd-bdb2-7297443a57cc,"37.53384269, 126.4253141031"
54,이작도,인천 옹진군,https://korean.visitkorea.or.kr/detail/ms_detail.do?cotid=e3f4aab6-4033-4d1d-96aa-7e9f011a2594,https://cdn.visitkorea.or.kr/img/call?cmd=VIEW&id=f3fe3aef-6c2e-40a5-bd05-e451c53d080e,"37.1973520849, 125.990807372"
55,선녀바위·거잠포,인천 옹진군,https://korean.visitkorea.or.kr/detail/ms_detail.do?cotid=7f278c5c-3c76-4d9c-8ca5-ad066274795d,https://cdn.visitkorea.or.kr/img/call?cmd=VIEW&id=55f1e85c-ffa9-4f16-8c95-bfe14884534d,"37.1829746279, 126.2364908998"
56,송도 센트럴파크,인천 중구,https://korean.visitkorea.or.kr/detail/ms_detail.do?cotid=87e613c6-f7c3-4d3f-8d60-13c2f8166b95,https://cdn.visitkorea.or.kr/img/call?cmd=VIEW&id=599b3bfc-bf39-46e3-8684-ffd02ce932b6,"37.4396528391, 126.3789681524"
57,계양산 둘레길,인천 연수구,https://korean.visitkorea.or.kr/detail/ms_detail.do?cotid=cbc679cc-4dae-4f9a-887c-b650912a100e,https://cdn.visitkorea.or.kr/img/call?cmd=VIEW&id=a455d1c6-d9da-4737-be6c-2115dabd4933,"37.3903993102, 126.6435981392"
58,경인아라뱃길,인천 계양구,https://korean.visitkorea.or.kr/detail/ms_detail.do?cotid=57d81233-696d-44a8-a751-915ee2fc580d,https://cdn.visitkorea.or.kr/img/call?cmd=VIEW&id=45b7c6a6-1085-4a03-b5a5-a4db6be5763a,"37.5543315789, 126.7182812107"
59,서건도,인천 서구,https://korean.visitkorea.or.kr/detail/ms_detail.do?cotid=fbbda33c-d44a-4dae-ac50-b91ee95d185a,https://cdn.visitkorea.or.kr/img/call?cmd=VIEW&id=98daedf9-2856-4de0-ad4d-c36241d5b7d5,"37.558493023, 126.6074801023"
60,거문오름,서귀포시,https://korean.visitkorea.or.kr/detail/ms_detail.do?cotid=04a696be-c97f-4d72-9fb8-59eaf77a79ab,https://cdn.visitkorea.or.kr/img/call?cmd=VIEW&id=e01bec0f-b202-4185-83cf-9063bb213299,"33.2540292433, 126.4927119133"
61,휴림,제주시,https://korean.visitkorea.or.kr/detail/ms_detail.do?cotid=49c3a878-05ab-4fdf-84ab-b1d61079ac93,https://cdn.visitkorea.or.kr/img/call?cmd=VIEW&id=aa3624dc-5a58-4c01-98a6-7f672d46b96c,"33.4569159249, 126.7147325126"
62,물영아리오름,제주시,https://korean.visitkorea.or.kr/detail/ms_detail.do?cotid=9e74f3ec-8591-4c03-a555-c688b1750abe,https://cdn.visitkorea.or.kr/img/call?cmd=VIEW&id=6e62b11d-4cbf-487a-a1a4-1d538916bbce,"33.4438100372, 126.4287993085"
63,고살리 숲길,서귀포시,https://korean.visitkorea.or.kr/detail/ms_detail.do?cotid=e806f940-9f6f-4110-b5f0-db779cdbff28,https://cdn.visitkorea.or.kr/img/call?cmd=VIEW&id=74a93994-fc3c-4ba0-8ac8-bacfa755c1af,"33.3680603564, 126.6918059515"
64,신풍리 밭담길,서귀포시,https://korean.visitkorea.or.kr/detail/ms_detail.do?cotid=1dc4a3e7-33f5-463b-9f31-f22838709e73,https://cdn.visitkorea.or.kr/img/call?cmd=VIEW&id=dd60f41c-8b3c-482e-8aef-a50684caa3a9,"33.3172933815, 126.598479099"
65,북촌리 4.3길,서귀포시,https://korean.visitkorea.or.kr/detail/ms_detail.do?cotid=e2910a29-51d3-45f2-b1ae-b6794863d27b,https://cdn.visitkorea.or.kr/img/call?cmd=VIEW&id=c95852c0-86aa-456e-a6c5-c32e99885e62,"33.3619034434, 126.8405765535"
66,천아숲길,제주시,https://korean.visitkorea.or.kr/detail/ms_detail.do?cotid=3d80c9cb-79d4-461b-b223-697a621322cd,https://cdn.visitkorea.or.kr/img/call?cmd=VIEW&id=f2f5edc4-51ce-43b8-890a-01cb1fbb0db7,"33.546052868, 126.6886966222"
67,무릉 자전거 도로,제주시,https://korean.visitkorea.or.kr/detail/ms_detail.do?cotid=8cb6694a-46db-4ac0-927f-cfa5be74b5e0,https://cdn.visitkorea.or.kr/img/call?cmd=VIEW&id=9937d2c7-fa7a-4d86-ba15-dfedda763440,"33.3956517291, 126.4448212233"
68,정물오름,서귀포시,https://korean.visitkorea.or.kr/detail/ms_detail.do?cotid=f2cc06fa-0e24-4bde-ad8a-5f044c3b7754,https://cdn.visitkorea.or.kr/img/call?cmd=VIEW&id=e4217970-d92e-41c7-bcf9-8abd985639a7,"33.5571412977, 126.7364672183"
69,논골담길,제주시,https://korean.visitkorea.or.kr/detail/ms_detail.do?cotid=3e82a842-f061-4f01-a20e-b06590b47b2e,https://cdn.visitkorea.or.kr/img/call?cmd=VIEW&id=081e4908-fda9-48c5-8b91-7b7ca687f507,"33.3389284907, 126.3350681403"
70,의암호 자전거길,동해시,https://korean.visitkorea.or.kr/detail/ms_detail.do?cotid=01503d2f-b4b3-46e0-9836-c580cd17bee8,https://cdn.visitkorea.or.kr/img/call?cmd=VIEW&id=6e5f7b54-3b30-48ee-895b-01d9d53445a0,"37.5522210485, 129.1183390829"
71,이사부길,춘천시,https://korean.visitkorea.or.kr/detail/ms_detail.do?cotid=52561673-e059-499d-930d-a5698f31a7d0,https://cdn.visitkorea.or.kr/img/call?cmd=VIEW&id=57c9159b-7a3a-4d31-943b-6cdd182e4b01,"37.8550197403, 127.6857871373"
72,오대호아트팩토리,삼척시,https://korean.visitkorea.or.kr/detail/ms_detail.do?cotid=44ab3132-75a4-4179-b1e7-262db516c677,https://cdn.visitkorea.or.kr/img/call?cmd=VIEW&id=6d73f6e1-e0ae-4cf5-b2bb-98d7092a6f39,"37.439285423, 129.188027989"
73,만뢰산자연생태공원,충주시,https://korean.visitkorea.or.kr/detail/ms_detail.do?cotid=c11f92b4-46cd-466a-9875-8b0a6cafec29,https://cdn.visitkorea.or.kr/img/call?cmd=VIEW&id=990fb71e-8800-475b-8062-a25d5fb2410d,"37.0942403921, 127.794535549"
74,갈론계곡(갈론구곡),진천군,https://korean.visitkorea.or.kr/detail/ms_detail.do?cotid=6c170886-e1bb-42eb-83d7-41ff92ba6132,https://cdn.visitkorea.or.kr/img/call?cmd=VIEW&id=ddde9234-d3be-4a7f-a297-c035af1e6f8a,"36.8499144841, 127.3657202937"
75,고복자연공원,괴산군,https://korean.visitkorea.or.kr/detail/ms_detail.do?cotid=24dc8003-7616-4fcf-870d-0405e1a06543,https://cdn.visitkorea.or.kr/img/call?cmd=VIEW&id=33a37cb3-6704-46fe-a967-cae8f2134cdd,"36.7370990555, 127.845227253"
76,조천연꽃공원,세종시,https://korean.visitkorea.or.kr/detail/ms_detail.do?cotid=83ec7bcc-bb79-4a18-a094-2163f657d41c,https://cdn.visitkorea.or.kr/img/call?cmd=VIEW&id=8e95d589-f640-4c87-befb-b29d245dfc3c,"36.6000120047, 127.2274836912"
77,운주산성,세종시,https://korean.visitkorea.or.kr/detail/ms_detail.do?cotid=369a4dd1-a50d-44f6-8367-5364237a60c1,https://cdn.visitkorea.or.kr/img/call?cmd=VIEW&id=961e9606-e7dc-42a9-9d59-3936413500ff,"36.5853122145, 127.3007052959"
78,웅도,세종시,https://korean.visitkorea.or.kr/detail/ms_detail.do?cotid=c1ecd92e-f3c1-4497-bdef-380a367a3f28,https://cdn.visitkorea.or.kr/img/call?cmd=VIEW&id=7936a4cb-a093-483e-960f-1adce33099a1,"36.683133263, 127.2415634865"
79,칠갑산도립공원,서산시,https://korean.visitkorea.or.kr/detail/ms_detail.do?cotid=58fb38bd-0e3a-4be1-9486-7d1c0875518f,https://cdn.visitkorea.or.kr/img/call?cmd=VIEW&id=fcdd4705-fa55-4ca0-86e4-f163c358c17a,"36.9193798994, 126.3832318437"
80,예산황새공원,청양군,https://korean.visitkorea.or.kr/detail/ms_detail.do?cotid=4ba57545-89be-4545-a164-9f2b62da3241,https://cdn.visitkorea.or.kr/img/call?cmd=VIEW&id=0a21ce42-9693-4b1e-8510-9d9fc8ecc0b0,"36.3998317198, 126.8841143716"
81,장수누리파크,예산군,https://korean.visitkorea.or.kr/detail/ms_detail.do?cotid=bcce1934-fcd0-4239-8597-3f23a2ef1c1d,https://cdn.visitkorea.or.kr/img/call?cmd=VIEW&id=7c58c83f-17b1-44cd-a91f-610368f2b908,"36.542616683, 126.8022373716"
82,교룡산국민관광지,장수군,https://korean.visitkorea.or.kr/detail/ms_detail.do?cotid=2d1505f7-4086-4d25-b9f4-04fe3a7bee99,https://cdn.visitkorea.or.kr/img/call?cmd=VIEW&id=6105f369-d578-4160-8ccb-443cc2ca0e7f,"35.6411155055, 127.5232663533"
83,고산창포마을,남원시,https://korean.visitkorea.or.kr/detail/ms_detail.do?cotid=529a9997-8626-408d-9819-4c818aee3a6d,https://cdn.visitkorea.or.kr/img/call?cmd=VIEW&id=dc75d18c-3adc-411b-9921-dbd7c991f967,"35.4279729781, 127.3643137624"
84,펭귄마을,완주군,https://korean.visitkorea.or.kr/detail/ms_detail.do?cotid=c3b16ed0-e3de-471d-be30-cce54761cbe6,https://cdn.visitkorea.or.kr/img/call?cmd=VIEW&id=d077552c-fa42-4746-a5dc-a522f6295625,"35.9873437468, 127.2590112336"
85,광주호호수생태원,광주 남구,https://korean.visitkorea.or.kr/detail/ms_detail.do?cotid=1094f91b-7d11-4e0e-a16a-26866a65b788,https://cdn.visitkorea.or.kr/img/call?cmd=VIEW&id=3d2f4186-7cfc-4097-9572-6d2cccc9dcdb,"35.1431474721, 126.9149690745"
86,시민의 숲 야영장,광주 북구,https://korean.visitkorea.or.kr/detail/ms_detail.do?cotid=ba2dcca8-e548-49a8-8197-945c6d128534,https://cdn.visitkorea.or.kr/img/call?cmd=VIEW&id=9f81dfa2-a34f-41dd-8e4e-a41c615280c2,"35.1861051771, 127.0002465689"
87,서산동 보리마당&시화마을,광주 북구,https://korean.visitkorea.or.kr/detail/ms_detail.do?cotid=47ba6028-388b-4415-bb9b-6deaea216d0b,https://cdn.visitkorea.or.kr/img/call?cmd=VIEW&id=fed58af5-c96f-44eb-877a-e92ec6fe6814,"35.233058715, 126.866351676"
88,우수영,목포시,https://korean.visitkorea.or.kr/detail/ms_detail.do?cotid=7770a339-d073-4b39-ad71-b08eb7e5d308,https://cdn.visitkorea.or.kr/img/call?cmd=VIEW&id=98bd0a94-a385-4a79-9342-d30952e44fbc,"34.7817848341, 126.3773226716"
89,우주발사전망대,해남군,https://korean.visitkorea.or.kr/detail/ms_detail.do?cotid=9b8185c9-42f8-4237-81a6-dacc30e3ac6d,https://cdn.visitkorea.or.kr/img/call?cmd=VIEW&id=e2999c42-da83-4d3f-bb17-ba8a20aca40d,"34.5724994, 126.311314756"
90,대운산 치유의 숲,고흥군,https://korean.visitkorea.or.kr/detail/ms_detail.do?cotid=aac9e0fc-bb7a-48cc-9efe-1b7303347b95,https://cdn.visitkorea.or.kr/img/call?cmd=VIEW&id=7a9a2007-86ca-496a-900b-56f7c7c1d514,"34.5850116756, 127.4923045005"
91,편백산림욕장,울산 울주군,https://korean.visitkorea.or.kr/detail/ms_detail.do?cotid=fb91e257-06d4-4986-bb83-f5bc0d199e4c,https://cdn.visitkorea.or.kr/img/call?cmd=VIEW&id=1d5ed9a3-1564-4b9d-80ac-7aaab8d43b79,"35.3901665277, 129.2361865678"
92,선암호수공원,울산 북구,https://korean.visitkorea.or.kr/detail/ms_detail.do?cotid=aeda64a9-84d2-42b7-9a23-a3691076b238,https://cdn.visitkorea.or.kr/img/call?cmd=VIEW&id=b12d2bcc-c055-47ec-b39e-05c710c6fc32,"35.6503524496, 129.3043955301"
93,동촌유원지,울산 남구,https://korean.visitkorea.or.kr/detail/ms_detail.do?cotid=b4ffdbfd-82fd-49ad-90ba-58b8b3c0eb2e,https://cdn.visitkorea.or.kr/img/call?cmd=VIEW&id=75212370-068e-4533-a1bb-654e3812ac06,"35.5170400753, 129.3260724005"
94,옥연지 송해공원,대구 동구,https://korean.visitkorea.or.kr/detail/ms_detail.do?cotid=413b7a3a-82c1-47ac-98b2-c57b4d59bb7c,https://cdn.visitkorea.or.kr/img/call?cmd=VIEW&id=05fbf84b-e4b4-4cf7-9e6a-8e4a2a2b6dd2,"35.8782784742, 128.6546405629"
95,사문진 주막촌,대구 달성군,https://korean.visitkorea.or.kr/detail/ms_detail.do?cotid=f6b4d560-4e79-44b6-8d2e-8075c89869b3,https://cdn.visitkorea.or.kr/img/call?cmd=VIEW&id=8db72695-4274-4c28-b2f6-40b3fcf1806a,"35.780375234, 128.4803058549"
96,위양지(양양지),대구 달성군,https://korean.visitkorea.or.kr/detail/ms_detail.do?cotid=02bd0e4b-4f91-4d2c-9d20-2aa9c2027dfe,https://cdn.visitkorea.or.kr/img/call?cmd=VIEW&id=c5dce6e0-3109-477b-ad4f-bc7fba81745f,"35.8111411678, 128.4786968148"
97,합천 대장경 테마파크,합천군,https://korean.visitkorea.or.kr/detail/ms_detail.do?cotid=dd21547f-40cb-4e20-a820-6bc6d6d0a5eb,https://cdn.visitkorea.or.kr/img/call?cmd=VIEW&id=29406e18-1d17-404f-880c-dabdc071a929,"35.7675037721, 128.1365504097"
98,김해 분청도자박물관,김해시,https://korean.visitkorea.or.kr/detail/ms_detail.do?cotid=b46472b4-e928-4226-829c-c18672023926,https://cdn.visitkorea.or.kr/img/call?cmd=VIEW&id=24b0c289-d8c4-4e0e-8eb9-a716803fa6b6,"35.2515341377, 128.7458748186"
99,수선사,산청군,https://korean.visitkorea.or.kr/detail/ms_detail.do?cotid=a6fa7b86-f5fe-4410-9749-75b2772665d5,https://cdn.visitkorea.or.kr/img/call?cmd=VIEW&id=fde15385-f534-4010-8115-2511dd02b98a,"35.3992462022, 127.8702615353"
